data,SP100,MIB30,DAX30,SMI,EUR,CHF
1/1/1999,604.03,35152,5002.39,7160.7,0.8516,1.413
1/4/1999,604.93,37417,5252.36,7441.8,0.8475,1.3655
1/5/1999,615.38,37807,5253.91,7545.8,0.8486,1.3697
1/6/1999,631,37807,5443.62,7668.8,0.8532,1.3926
1/7/1999,632.76,37797,5323.21,7549.7,0.8568,1.3776
1/8/1999,636.02,37670,5392.84,7633.7,0.8656,1.3935
1/11/1999,629.42,36733,5270.6,7464.4,0.867,1.4005
1/12/1999,616.49,35801,5200.1,7427.2,0.8663,1.3875
1/13/1999,612.83,34218,4931.8,7125,0.8544,1.3645
1/14/1999,600.85,34190,4912.75,7088,0.8546,1.3575
1/15/1999,616.46,35042,4960.22,7218.1,0.8628,1.3831
1/18/1999,616.46,35887,5050.4,7248.1,0.8623,1.3815
1/19/1999,623.32,35113,5073.15,7207.7,0.8615,1.3765
1/20/1999,626.01,35382,5143.06,7300.2,0.8642,1.3887
1/21/1999,617.08,34601,5156.67,7125.4,0.8633,1.3853
1/22/1999,610.38,33745,5019.28,7036.4,0.8634,1.382
1/25/1999,616.06,33648,4982.45,7076.2,0.8649,1.387
1/26/1999,627.17,33806,4986.8,7074.6,0.864,1.389
1/27/1999,621.35,33749,5061.18,7030.2,0.8693,1.4098
1/28/1999,632.23,34446,5096.41,7137.8,0.8758,1.4123
1/29/1999,640.44,34672,5159.96,7201.2,0.8805,1.4157
2/1/1999,635.67,35164,5190.82,7291.2,0.8846,1.4217
2/2/1999,629.28,34623,5166.87,7225.1,0.8807,1.4133
2/3/1999,635.66,34192,5085.66,7193,0.8814,1.4175
2/4/1999,622.28,34021,5077.85,7137.2,0.8857,1.414
2/5/1999,617.67,33944,5080.77,7137,0.886,1.4233
2/8/1999,621.7,33328,5027.22,7055.9,0.889,1.4157
2/9/1999,606.52,32336,4904.35,6943,0.885,1.4185
2/10/1999,612.43,32879,4796.82,6891.2,0.8832,1.4085
2/11/1999,628.27,33405,4839.33,6898.9,0.8851,1.4265
2/12/1999,616.14,33852,4888.74,6963.1,0.8867,1.4155
2/15/1999,616.14,34346,4879.55,6988.5,0.8899,1.4155
2/16/1999,619.74,33759,4904.68,7015.2,0.8945,1.4257
2/17/1999,612.65,33561,4810.09,7045.9,0.8902,1.4205
2/18/1999,618.18,33741,4845.08,6981.6,0.8911,1.4285
2/19/1999,620.29,34384,4802.38,6942.7,0.9012,1.4455
2/22/1999,635.25,35497,4845.18,7076.7,0.9065,1.4493
2/23/1999,635.45,35411,4987.56,7145.7,0.9107,1.4477
2/24/1999,624.95,36013,5062.31,7233.7,0.9129,1.446
2/25/1999,623.25,35010,4958.58,7101.8,0.9049,1.439
2/26/1999,618.42,35055,4911.81,7063.8,0.9109,1.447
3/1/1999,618.06,34768,4784.31,6995,0.9146,1.4623
3/2/1999,611.39,34764,4804.02,6976.5,0.9151,1.4565
3/3/1999,612,34148,4697.67,6986.1,0.9159,1.4601
3/4/1999,623.22,35148,4678.72,7106.8,0.9234,1.47
3/5/1999,638.99,36367,4839.09,7213.3,0.9216,1.4687
3/8/1999,643.07,35759,4788.69,7185.9,0.9189,1.463
3/9/1999,640.93,36382,4758.46,7267.2,0.9184,1.4668
3/10/1999,644.4,36870,4721.41,7209.4,0.9128,1.4595
3/11/1999,649.85,37111,4754.41,7322.6,0.9232,1.4535
3/12/1999,648.27,36479,5008.16,7250.7,0.9137,1.4648
3/15/1999,655.48,37069,5029.24,7240.9,0.9137,1.4643
3/16/1999,655.67,36806,5094.63,7218.9,0.9167,1.454
3/17/1999,650.88,36643,5077.43,7231.8,0.9084,1.4514
3/18/1999,659.25,37004,5013.62,7195.7,0.9102,1.4577
3/19/1999,650.11,37220,5099.48,7208.3,0.9152,1.467
3/22/1999,649.55,36606,5027.06,7153.6,0.917,1.4632
3/23/1999,631.9,35919,4915.03,7013.6,0.9177,1.4575
3/24/1999,635.5,35512,4780.13,6949,0.9157,1.46441
3/25/1999,647.53,36046,4860.26,7082.2,0.9197,1.472
3/26/1999,643.68,35650,4775.17,7008.2,0.9316,1.4793
3/29/1999,659.47,36493,4876.92,7086.3,0.9331,1.4847
3/30/1999,655.98,36463,4856.84,7024.1,0.9292,1.4903
3/31/1999,646.59,36975,4884.2,7130.2,0.9263,1.4815
4/1/1999,649.92,36611,4914.59,7132.4,0.9249,1.48
4/2/1999,649.92,36611,4914.59,7132.4,0.927,1.481
4/5/1999,664.86,36611,4914.59,7132.4,0.9327,1.4893
4/6/1999,665.29,37093,4965.29,7170,0.9292,1.473
4/7/1999,672.84,37065,5052.27,7216.8,0.9263,1.4824
4/8/1999,679.49,37152,5068.75,7332.9,0.923,1.4863
4/9/1999,681.34,36760,5124.18,7386.9,0.9279,1.4825
4/12/1999,685.45,36707,5159.16,7352.9,0.9219,1.4855
4/13/1999,681.45,36995,5199.18,7366.2,0.9267,1.4905
4/14/1999,668.93,36830,5182.16,7378.2,0.925,1.4836
4/15/1999,669.61,36574,5181.01,7234.1,0.9321,1.4936
4/16/1999,668.65,36554,5155.35,7164.8,0.9341,1.497
4/19/1999,652.89,36763,5220.15,7248.8,0.9422,1.503
4/20/1999,662.08,36475,5087.29,7129.4,0.9384,1.5063
4/21/1999,676.68,36663,5163.29,7124.7,0.9427,1.51
4/22/1999,690.01,36598,5218.82,7179.8,0.9437,1.504
4/23/1999,687.41,36513,5195.42,7145.8,0.9394,1.5095
4/26/1999,689.98,36172,5256.22,7254.7,0.9431,1.514
4/27/1999,689.36,36915,5347.5,7377.3,0.9391,1.5077
4/28/1999,683.84,36638,5348.61,7360.9,0.9405,1.5113
4/29/1999,679.54,36470,5334.42,7304.6,0.9442,1.5207
4/30/1999,675.65,36791,5393.11,7335.5,0.9452,1.522
5/3/1999,685.08,36840,5377.56,7443.1,0.9463,1.5237
5/4/1999,673.28,36833,5383.21,7355.9,0.9426,1.5115
5/5/1999,682.34,36623,5307.22,7283.8,0.9364,1.493
5/6/1999,674.54,36483,5274.45,7234.9,0.9277,1.4887
5/7/1999,681.74,36348,5297.38,7215.4,0.927,1.49432
5/10/1999,677.92,36267,5205.95,7225.6,0.9257,1.491
5/11/1999,683.77,35901,5249.15,7202.2,0.9323,1.501
5/12/1999,687.45,35489,5248.02,7161.5,0.9369,1.505
5/13/1999,689.25,35743,5248.02,7161.5,0.9409,1.5025
5/14/1999,673.57,34908,5173.25,7071.1,0.9346,1.503
5/17/1999,675.06,34222,5114.47,6910.9,0.9368,1.5032
5/18/1999,673.01,34817,5154.94,7007.8,0.9376,1.5005
5/19/1999,678.96,35667,5181.51,7034.9,0.9383,1.5003
5/20/1999,675.2,35750,5235.64,7109.1,0.9412,1.5017
5/21/1999,671.76,36118,5264.68,7055.2,0.9473,1.5166
5/24/1999,658.39,35622,5264.68,7055.2,0.9458,1.5115
5/25/1999,647.45,35549,5143.1,6887.6,0.9425,1.5012
5/26/1999,659.57,35628,5160.44,6895.1,0.9544,1.5247
5/27/1999,647.78,35073,5083.83,6750.6,0.9561,1.5247
5/28/1999,658.66,35125,5068.73,6787.9,0.9563,1.5275
5/31/1999,658.66,35320,5069.83,6911.6,0.9589,1.5275
6/1/1999,654.21,35003,5021.24,6877.9,0.9556,1.5237
6/2/1999,655.69,34930,4997.83,6970.8,0.9653,1.5357
6/3/1999,657.66,35470,4997.83,7060.2,0.9659,1.5403
6/4/1999,672.42,35399,5107.81,7156.4,0.9704,1.5322
6/7/1999,676.15,35595,5190.15,7215.1,0.9712,1.5427
6/8/1999,665.5,35661,5211.08,7194.8,0.959,1.5213
6/9/1999,667.38,35688,5253.89,7190.6,0.9587,1.5225
6/10/1999,659.62,35370,5206.47,7026.4,0.9533,1.5222
6/11/1999,654.87,35371,5262.15,7054.6,0.953,1.517
6/14/1999,656.26,34856,5268.87,7030.8,0.9584,1.5308
6/15/1999,660.4,34940,5342.86,7060.1,0.9601,1.5305
6/16/1999,676.92,35411,5381.25,7103.1,0.9695,1.5483
6/17/1999,682.36,35429,5412,7153,0.9693,1.5433
6/18/1999,683.47,35717,5430.32,7189.8,0.9628,1.5378
6/21/1999,687.37,35677,5468.47,7266.4,0.9692,1.5415
6/22/1999,680.58,35491,5468.67,7168,0.9703,1.5455
6/23/1999,678.6,35495,5399.11,7076,0.9698,1.5457
6/24/1999,670.85,35451,5327.6,7031,0.9666,1.5349
6/25/1999,671.29,35228,5301.21,6964,0.9555,1.532
6/28/1999,679.76,35180,5356.95,6945.9,0.964,1.5457
6/29/1999,691.51,35222,5359.53,7007,0.9673,1.55
6/30/1999,704.47,35004,5378.52,6908.9,0.9696,1.5502
7/1/1999,709.49,35355,5480.22,7091.5,0.9759,1.5692
7/2/1999,716.28,35385,5519.05,7206.2,0.9785,1.5678
7/5/1999,716.28,36093,5625.62,7292.2,0.9774,1.5678
7/6/1999,714.28,36364,5612.9,7203,0.9756,1.566
7/7/1999,719.75,36269,5588.5,7155.8,0.9781,1.5695
7/8/1999,718.31,36270,5607.1,7171.9,0.9823,1.5708
7/9/1999,722.88,36325,5638.95,7156.1,0.9814,1.579
7/12/1999,721.86,36276,5652.02,7176.7,0.9863,1.582
7/13/1999,719.79,35707,5573.82,7066,0.9823,1.5777
7/14/1999,721.58,35888,5610.89,7093.9,0.9797,1.5735
7/15/1999,726.88,36014,5619.26,7112.5,0.976,1.575
7/16/1999,733.79,35772,5619.94,7077.2,0.9787,1.5751
7/19/1999,728.04,35681,5624.74,7104.2,0.9829,1.5575
7/20/1999,710.03,34936,5491.29,6990.8,0.9606,1.541
7/21/1999,710.27,34132,5414.17,7016.9,0.9523,1.525
7/22/1999,700.91,34017,5340.91,6949.7,0.9531,1.529
7/23/1999,698.88,33526,5310.63,6802.1,0.9554,1.5295
7/26/1999,692.91,32915,5206.44,6729.6,0.9384,1.5071
7/27/1999,701.51,33033,5224.16,6817.9,0.941,1.5072
7/28/1999,703.04,32703,5229.56,6829.2,0.9422,1.498
7/29/1999,690.4,31842,5052.32,6713.6,0.9333,1.4878
7/30/1999,683.29,32584,5101.87,6887.4,0.9343,1.4897
8/2/1999,682.33,32999,5129.5,6925.6,0.9379,1.493
8/3/1999,681.54,32827,5107.68,6916.7,0.9377,1.4967
8/4/1999,674.26,32534,5119.37,6895.2,0.9291,1.4848
8/5/1999,681.19,31850,4978.45,6751.1,0.9258,1.4878
8/6/1999,674.13,31618,5010.47,6710.5,0.9275,1.4877
8/9/1999,671.74,32250,5087.3,6721.8,0.9346,1.4945
8/10/1999,665.41,31773,5000.87,6616.7,0.9318,1.4957
8/11/1999,676.39,31889,5019.69,6686,0.9381,1.504
8/12/1999,673.07,32732,5127.43,6806.1,0.9393,1.5005
8/13/1999,688.82,33080,5219.43,6934.4,0.9463,1.5164
8/16/1999,692.67,33159,5257.1,6988.9,0.9462,1.5137
8/17/1999,699.28,33548,5259.91,6993.8,0.9517,1.523
8/18/1999,693.1,33233,5230.47,6988.8,0.9489,1.5201
8/19/1999,687.83,32912,5186.85,6990.9,0.941,1.5005
8/20/1999,696.59,33280,5219.85,7051.5,0.9391,1.4957
8/23/1999,709.93,33804,5301.98,7147.5,0.9452,1.526
8/24/1999,713.56,34054,5324.02,7104.3,0.9502,1.5191
8/25/1999,723.83,34341,5400.32,7142.7,0.9564,1.5383
8/26/1999,714.6,34566,5389.34,7141.9,0.959,1.5343
8/27/1999,707.97,34541,5420.36,7167.7,0.9565,1.5282
8/30/1999,695.24,34371,5392.53,7155,0.9571,1.5297
8/31/1999,692.24,33627,5270.77,7008.8,0.9467,1.5135
9/1/1999,698.2,33828,5317.12,7094.5,0.9439,1.5135
9/2/1999,693.71,33150,5189.92,7014.9,0.9337,1.4935
9/3/1999,713.89,34001,5336.22,7137.6,0.9431,1.507
9/6/1999,713.89,34272,5400.55,7200.1,0.9454,1.507
9/7/1999,711.37,34012,5391.36,7187.7,0.9438,1.5103
9/8/1999,707.66,34248,5400.7,7160.2,0.9434,1.5103
9/9/1999,709.81,34359,5436.86,7193.7,0.9467,1.5184
9/10/1999,712.8,34665,5483.95,7171.9,0.9549,1.552
9/13/1999,708.77,34546,5446.91,7059,0.9627,1.5409
9/14/1999,704.8,34349,5401.47,7030.7,0.9588,1.5488
9/15/1999,693.81,34345,5387.18,7048.1,0.9619,1.5412
9/16/1999,694.89,34356,5304.42,6985,0.9614,1.5413
9/17/1999,704.95,34562,5303.94,7026.6,0.9612,1.541
9/20/1999,704.92,34621,5351.98,7072.3,0.9605,1.5512
9/21/1999,689.81,34516,5282.76,7043,0.9546,1.5268
9/22/1999,691.2,34587,5238.76,7018,0.9521,1.5369
9/23/1999,674.23,34930,5299.57,7065.8,0.9586,1.52498
9/24/1999,672.8,34785,5190.2,6965.7,0.9554,1.5328
9/27/1999,675.52,34751,5239.64,7061.4,0.9575,1.5308
9/28/1999,675.45,34569,5119.1,6917.4,0.9524,1.521
9/29/1999,663.73,33960,5135.62,6892.8,0.9427,1.503
9/30/1999,672.38,33813,5149.83,6907.4,0.939,1.4954
10/1/1999,670.31,33797,5124.55,6878.6,0.9347,1.484
10/4/1999,682.59,34052,5218.86,7007.9,0.9346,1.4834
10/5/1999,682.91,33983,5301.85,6999,0.9362,1.4818
10/6/1999,694.84,34044,5353.32,7024.5,0.934,1.4896
10/7/1999,689.73,34089,5419.31,7065.2,0.9317,1.4868
10/8/1999,698.45,33903,5419.26,7096.5,0.9409,1.5013
10/11/1999,697.77,33837,5414.5,7110,0.9399,1.5013
10/12/1999,686.23,33195,5358.46,7023,0.9321,1.4797
10/13/1999,671.2,32952,5295.43,6952.3,0.9292,1.4706
10/14/1999,672.05,32707,5220.29,6952.8,0.9275,1.4755
10/15/1999,651.75,32081,5184.23,6787.2,0.9188,1.4568
10/18/1999,656.79,31602,5156.28,6712.1,0.9218,1.4689
10/19/1999,660.27,32188,5255.51,6871.3,0.9262,1.467
10/20/1999,679.23,32017,5291.23,6858,0.9279,1.4826
10/21/1999,676.67,31922,5246.49,6783,0.9252,1.4749
10/22/1999,685.63,32494,5357.75,6876.9,0.9353,1.4965
10/25/1999,682.38,32060,5320.4,6820.3,0.9366,1.4971
10/26/1999,678.67,32172,5388.76,6890.4,0.9444,1.5106
10/27/1999,683.81,32165,5363.86,6873.9,0.9498,1.5231
10/28/1999,704.2,32860,5478.89,7037.1,0.951,1.5248
10/29/1999,717.03,33013,5525.4,7160.3,0.9514,1.5213
11/1/1999,712.2,33013,5524.92,7156.9,0.953,1.5255
11/2/1999,707.82,32835,5546.95,7189.7,0.953,1.5272
11/3/1999,710.83,32807,5560.87,7265.2,0.9541,1.5342
11/4/1999,714.85,33249,5635.62,7301.3,0.9574,1.5569
11/5/1999,718.8,33066,5658.1,7345.5,0.9604,1.5478
11/8/1999,724.63,33124,5647.94,7348.9,0.9642,1.549
11/9/1999,717.8,33543,5694.73,7343,0.9612,1.5455
11/10/1999,720.88,33771,5742.42,7359.2,0.9583,1.5396
11/11/1999,725.11,34107,5802.36,7421.2,0.961,1.5432
11/12/1999,731.13,33930,5791.05,7421.2,0.9691,1.5568
11/15/1999,728.77,34231,5859.29,7415.8,0.9702,1.555
11/16/1999,742.94,34408,5909.52,7419.2,0.9701,1.5532
11/17/1999,739.77,34154,5870.17,7398.4,0.9622,1.5393
11/18/1999,749.7,34662,5950.05,7402.6,0.9693,1.5563
11/19/1999,749.3,34965,5955.97,7367.4,0.9715,1.5558
11/22/1999,754.34,34873,5819.89,7313.9,0.9682,1.5527
11/23/1999,746.95,34790,5814.74,7279.7,0.9715,1.5562
11/24/1999,753.2,35070,5818.73,7243.9,0.9807,1.5702
11/25/1999,753.2,35706,5961.45,7314.5,0.9809,1.5702
11/26/1999,753.56,35726,5958.07,7359.8,0.9884,1.5781
11/29/1999,749.3,36311,5888.88,7400,0.9935,1.5879
11/30/1999,738.73,36031,5896.04,7399.7,0.9931,1.5876
12/1/1999,748.56,36464,5933.84,7478.4,0.9922,1.5883
12/2/1999,752.53,36432,5937.2,7485.3,0.9965,1.5962
12/3/1999,767.48,37112,6119.17,7547.3,0.9986,1.5925
12/6/1999,762.75,37363,6142.19,7441.3,0.9779,1.5632
12/7/1999,756.09,37867,6158.77,7406.1,0.9777,1.5603
12/8/1999,754.11,38781,6115.59,7336.5,0.9759,1.557
12/9/1999,757.39,38724,6118.06,7342.8,0.9825,1.5672
12/10/1999,763.48,38482,6097.9,7299.7,0.9839,1.5813
12/13/1999,763.13,39159,6127.2,7292.7,0.9885,1.5791
12/14/1999,758.63,39685,6187.99,7308.3,0.9944,1.5922
12/15/1999,767.27,39118,6232.75,7247.8,0.9964,1.5895
12/16/1999,772.06,39584,6341.29,7317.4,0.9822,1.5761
12/17/1999,773.94,40056,6353.9,7351.3,0.9906,1.5895
12/20/1999,771.3,40656,6378.66,7389.7,0.9916,1.5766
12/21/1999,778.86,39702,6418.68,7301.4,0.9912,1.5862
12/22/1999,781.92,40814,6492.53,7300.9,0.9921,1.5862
12/23/1999,793.16,41602,6782.39,7397.2,0.9847,1.581
12/24/1999,793.16,41602,6782.39,7397.2,0.9847,1.581
12/27/1999,794.58,42369,6837.41,7413.3,0.988,1.5845
12/28/1999,794.7,42906,6861.54,7447.2,0.9928,1.5948
12/29/1999,793.64,42802,6859.58,7488.7,0.9953,1.5977
12/30/1999,792.14,42991,6958.14,7570.1,0.9976,1.5944
12/31/1999,792.83,42991,6958.14,7570.1,0.9976,1.5921
1/3/2000,788.8,41477,6750.76,7570.1,0.9849,1.5647
1/4/2000,759.02,40468,6586.95,7268.1,0.9707,1.5555
1/5/2000,761.52,39449,6502.07,7181.3,0.9674,1.555
1/6/2000,762.64,38736,6474.92,7280.6,0.9663,1.5534
1/7/2000,783.48,40199,6780.96,7448,0.9719,1.5648
1/10/2000,790.92,39716,6925.52,7452.8,0.9742,1.5687
1/11/2000,785.25,39847,6891.25,7420.1,0.9711,1.5585
1/12/2000,782.73,40343,6912.81,7440.2,0.9734,1.5623
1/13/2000,787.95,40623,6955.98,7436.9,0.9735,1.5725
1/14/2000,797.52,41917,7173.22,7513.9,0.9878,1.592
1/17/2000,797.52,41926,7258.9,7507,0.9918,1.5963
1/18/2000,795.69,41550,7072.12,7384.1,0.9892,1.5917
1/19/2000,790.31,41965,7091.04,7336.8,0.9902,1.5943
1/20/2000,783.33,42242,7112.66,7251.2,0.9905,1.5839
1/21/2000,779.78,42317,6992.75,7236,0.993,1.597
1/24/2000,758.73,42605,6931.99,7127.9,0.9977,1.6008
1/25/2000,767.31,41683,6809.64,6954.8,0.9935,1.6115
1/26/2000,762.8,42077,6969.37,6963.6,0.9988,1.6101
1/27/2000,759.61,42735,7126.13,7113.4,1.0117,1.6323
1/28/2000,738.05,42541,7066.6,7029.6,1.0205,1.6475
1/31/2000,754.27,42130,6835.6,6894.7,1.0221,1.6571
2/1/2000,766.89,43001,7050.46,7025.2,1.0279,1.6562
2/2/2000,763.92,43687,7171.95,7097.4,1.0286,1.65
2/3/2000,771.95,44790,7354.26,7182.9,1.0161,1.6235
2/4/2000,775.52,45047,7444.61,7148.7,1.0206,1.6347
2/7/2000,774.19,44496,7296.32,7131.3,1.0223,1.6384
2/8/2000,782.2,45850,7549.88,7130.9,1.0138,1.6295
2/9/2000,765.47,45914,7629.11,7031.7,1.0102,1.6199
2/10/2000,768.98,46620,7709.27,6998,1.0148,1.6303
2/11/2000,752.05,47724,7611.55,6973.4,1.0148,1.6266
2/14/2000,756.8,48571,7644.8,6921.7,1.0203,1.6412
2/15/2000,763.06,46500,7396.13,6806.4,1.0168,1.637
2/16/2000,754.2,47245,7490.32,6933.3,1.0166,1.6261
2/17/2000,752.19,47623,7580.53,7029.4,1.0142,1.623
2/18/2000,728.52,47356,7573.78,7047,1.0151,1.628
2/21/2000,728.52,46614,7590.53,6962.7,1.0131,1.628
2/22/2000,731.58,46746,7607.94,7037.5,0.993,1.6029
2/23/2000,736.3,48121,7698.97,7091.7,0.9962,1.6069
2/24/2000,731.16,48052,7640.53,7043.8,1.0039,1.62
2/25/2000,719.78,49590,7738.68,6989.1,1.0217,1.6503
2/28/2000,727.75,48971,7587.13,6917.8,1.0342,1.6539
2/29/2000,738.64,49580,7644.55,6910.1,1.0386,1.664
3/1/2000,743.55,49763,7727.93,6959.1,1.033,1.6515
3/2/2000,750.27,50664,7945.77,7052.4,1.0349,1.6635
3/3/2000,765.95,50419,7960.03,7025.3,1.0397,1.6725
3/6/2000,752.95,51093,7975.78,7087.7,1.0403,1.6765
3/7/2000,732.25,49853,8064.97,7050.2,1.0444,1.6751
3/8/2000,739.86,49665,7987,6945.5,1.0447,1.6714
3/9/2000,756.97,50255,7949.15,6902,1.032,1.6635
3/10/2000,749.5,50467,7975.95,6907.9,1.0368,1.6704
3/13/2000,743,49353,7693.85,6781.4,1.0343,1.6705
3/14/2000,730.75,49266,7650.05,6838.2,1.0386,1.6657
3/15/2000,749.3,47769,7414.46,6856.3,1.032,1.6659
3/16/2000,781.93,48491,7583.96,7131.5,1.0275,1.6595
3/17/2000,786.73,49347,7710.92,7100.6,1.0326,1.6585
3/20/2000,785.3,48768,7872.38,7166.9,1.0315,1.6564
3/21/2000,806.88,48177,7807.93,7266.3,1.0295,1.672
3/22/2000,810.55,47246,7798.62,7388.2,1.04,1.6738
3/23/2000,831.7,47197,7694.78,7360.2,1.0305,1.6475
3/24/2000,832.66,48549,7932.42,7440.4,1.0292,1.6244
3/27/2000,830.17,48471,7892.49,7366,1.0303,1.6435
3/28/2000,821.41,48150,7931.93,7372.1,1.0339,1.656
3/29/2000,827.5,48054,7864.76,7401.5,1.049,1.6745
3/30/2000,813.81,46690,7644.89,7382.8,1.0465,1.6572
3/31/2000,815.06,46693,7599.39,7428.1,1.045,1.6649
4/3/2000,820.63,45298,7429.22,7522.8,1.0456,1.6516
4/4/2000,813.3,45960,7522.8,7606.4,1.0474,1.6382
4/5/2000,806.3,44683,7330.77,7490.4,1.0355,1.6348
4/6/2000,814.09,46085,7446.21,7476.1,1.0426,1.638
4/7/2000,821.52,46284,7522.2,7450.8,1.0432,1.6445
4/10/2000,817.14,46170,7516.95,7410.7,1.042,1.6359
4/11/2000,816.77,45048,7442.66,7471.5,1.0385,1.641
4/12/2000,792.91,45424,7443.07,7550.6,1.044,1.6435
4/13/2000,777.3,45534,7449.06,7581.3,1.0466,1.6477
4/14/2000,731.95,44330,7214.83,7494.4,1.0459,1.6335
4/17/2000,762.48,43495,7187.14,7329.6,1.0472,1.6493
4/18/2000,785.92,43927,7196.49,7340.2,1.0535,1.6629
4/19/2000,771.63,43889,7216.71,7354.1,1.0632,1.6687
4/20/2000,777.13,44852,7157.95,7371.1,1.0644,1.6765
4/21/2000,777.12,44852,7157.95,7371.1,1.0644,1.6753
4/24/2000,772.55,44852,7157.95,7371.1,1.0642,1.6763
4/25/2000,795.55,45388,7280.51,7433.2,1.0783,1.7063
4/26/2000,789.06,45355,7388.55,7437.8,1.0827,1.7025
4/27/2000,790.7,45016,7221.74,7400.8,1.097,1.7273
4/28/2000,781.42,45750,7414.68,7406.2,1.0973,1.719
5/1/2000,791.13,45750,7414.68,7406.2,1.1008,1.7076
5/2/2000,779.25,47397,7555.92,7527,1.1014,1.7182
5/3/2000,761.19,46376,7376.93,7496.7,1.1216,1.7243
5/4/2000,757,47190,7386.71,7499.9,1.1208,1.7386
5/5/2000,769.8,47122,7530.82,7499.4,1.1201,1.73
5/8/2000,763.59,46698,7408.09,7521.3,1.1188,1.7262
5/9/2000,757.81,45827,7280.54,7595.4,1.1082,1.7146
5/10/2000,739.91,45690,7120.86,7587.5,1.0973,1.7185
5/11/2000,754.73,46198,7259.48,7706.9,1.1066,1.7265
5/12/2000,761.67,46645,7269.28,7736.7,1.1029,1.6927
5/15/2000,776.53,46645,7195.15,7722.9,1.0912,1.7069
5/16/2000,784.23,48401,7371.06,7768,1.1048,1.7209
5/17/2000,772.53,46247,7211.51,7728.7,1.1223,1.7349
5/18/2000,766.83,46603,7181.58,7795.6,1.1189,1.74
5/19/2000,752.95,44678,6989.03,7718.7,1.1201,1.7262
5/22/2000,748.05,43580,6912.96,7711.7,1.1062,1.7221
5/23/2000,732.55,44728,6927.69,7825.7,1.1004,1.7228
5/24/2000,747.09,44163,6834.88,7846.1,1.102,1.7218
5/25/2000,736.95,45229,6978.87,7938.3,1.1027,1.7137
5/26/2000,736.08,45324,6938.33,7821.7,1.08,1.6802
5/29/2000,736.08,45784,7016.66,7846.8,1.0779,1.6802
5/30/2000,761.42,46334,7119.26,7754.3,1.0724,1.6881
5/31/2000,761.55,45933,7109.67,7754,1.0783,1.6805
6/1/2000,777.59,46842,7272.76,7768,1.074,1.6862
6/2/2000,792.69,47228,7438.95,7841.6,1.0591,1.6695
6/5/2000,790.75,46894,7408.02,7791.1,1.0588,1.6595
6/6/2000,783.39,46375,7359.8,7746.6,1.0429,1.6462
6/7/2000,791.13,47030,7292.98,7797.9,1.0448,1.6301
6/8/2000,785.33,46780,7243.13,7809.8,1.0488,1.6379
6/9/2000,779.7,47102,7254.53,7796.8,1.0515,1.6422
6/12/2000,774.25,46892,7235.64,7796.8,1.0483,1.6385
6/13/2000,789.43,47145,7268.91,7817.1,1.0409,1.6281
6/14/2000,790.35,47613,7350.94,7888.1,1.0428,1.6319
6/15/2000,798.88,47612,7328.62,7827.9,1.0498,1.6367
6/16/2000,788.74,46712,7131.4,7845.6,1.0408,1.6165
6/19/2000,802.91,46665,7198.8,7794.6,1.0413,1.6225
6/20/2000,797.56,46836,7227.27,7796.6,1.0467,1.6277
6/21/2000,800,46432,7100.09,7760.2,1.0569,1.6385
6/22/2000,785.09,45951,7053.67,7664.4,1.0644,1.6449
6/23/2000,781.07,46461,6980.41,7677,1.0678,1.6565
6/26/2000,789.21,46516,7027.19,7686.1,1.0671,1.6489
6/27/2000,784.94,46331,7048.96,7691.8,1.0601,1.638
6/28/2000,788,46915,7056.05,7727.8,1.0572,1.6426
6/29/2000,779.74,45979,6874.54,7710.5,1.0499,1.6371
6/30/2000,790.25,46736,6898.21,7761.6,1.0432,1.6324
7/3/2000,796.03,47040,6958.96,7789.7,1.0509,1.6323
7/4/2000,796.03,46880,6944.36,7828.7,1.0527,1.6335
7/5/2000,783.37,46953,6961.73,7866.7,1.0455,1.6221
7/6/2000,789.92,47316,6951.09,7911.7,1.0464,1.6241
7/7/2000,803,48067,7052.22,7903.7,1.0535,1.6285
7/10/2000,799.59,48018,7070.82,7911.1,1.0496,1.6273
7/11/2000,801.05,48381,7003.98,7927.3,1.0515,1.6323
7/12/2000,805.91,48215,7065.97,7895.2,1.0589,1.6515
7/13/2000,808.03,48545,7195.99,7951.7,1.0693,1.6587
7/14/2000,815.52,48403,7318.38,7938.9,1.067,1.6512
7/17/2000,817.75,48449,7430.7,7903.2,1.0697,1.6572
7/18/2000,807.19,48192,7406.91,7896.2,1.0726,1.6597
7/19/2000,802.95,48234,7366.57,7933.5,1.0819,1.6779
7/20/2000,813.09,48735,7480.14,7946.7,1.0817,1.6677
7/21/2000,804.55,48243,7373.26,7900.4,1.0724,1.6595
7/24/2000,795.83,47827,7328.31,8009.2,1.0717,1.6682
7/25/2000,802.44,47877,7329.04,8014.7,1.0624,1.6528
7/26/2000,791.19,47312,7302.12,8005.4,1.0612,1.6488
7/27/2000,793.04,46430,7183.44,7992.6,1.0647,1.6602
7/28/2000,776.18,45883,7128.3,7997.8,1.0786,1.6765
7/31/2000,782.64,46429,7190.37,8023.2,1.0792,1.67
8/1/2000,784.01,46259,7145.53,8023.2,1.0804,1.683
8/2/2000,783.02,46221,7112.45,8151.2,1.0942,1.6892
8/3/2000,791.14,45471,7037.91,8137.7,1.1057,1.7053
8/4/2000,795.85,45676,7016.59,8119.6,1.1006,1.7053
8/7/2000,803.72,46727,7113.22,8251,1.1008,1.7007
8/8/2000,805.96,46952,7123.81,8253.4,1.1114,1.7141
8/9/2000,807.06,47399,7226.71,8245.7,1.114,1.7185
8/10/2000,799.04,47610,7280.97,8202.8,1.1002,1.7068
8/11/2000,804.75,47244,7322.98,8236.2,1.1052,1.7226
8/14/2000,816.34,47530,7331.67,8273.1,1.1061,1.7213
8/15/2000,811.81,47530,7307.43,8250.1,1.095,1.7087
8/16/2000,806.91,47722,7315.27,8318.4,1.0969,1.7089
8/17/2000,815.09,47257,7278.43,8260.8,1.0934,1.7078
8/18/2000,813.64,47025,7232.42,8251.9,1.1004,1.7208
8/21/2000,818.44,47208,7199.34,8289.8,1.1064,1.7287
8/22/2000,818.58,46992,7249.2,8317.4,1.1133,1.739
8/23/2000,822.81,47225,7232.78,8377,1.1187,1.7277
8/24/2000,825.15,46922,7230.26,8349.5,1.1077,1.7122
8/25/2000,823.55,47358,7307.17,8311.7,1.1051,1.71
8/28/2000,829.19,47417,7339.22,8338.3,1.1121,1.7131
8/29/2000,827.3,47271,7294.4,8257.3,1.1156,1.7236
8/30/2000,820.93,47376,7185.56,8220,1.1193,1.7339
8/31/2000,827.41,47973,7216.45,8219.9,1.1247,1.7435
9/1/2000,829.83,48319,7344.67,8234.9,1.1111,1.7244
9/4/2000,829.83,48682,7445.56,8193.5,1.1115,1.7302
9/5/2000,823.49,48412,7395.07,8168.8,1.1284,1.7491
9/6/2000,814.28,48434,7333.05,8129.5,1.1388,1.7768
9/7/2000,818.03,48709,7373.34,8137.2,1.1481,1.7705
9/8/2000,812.9,48019,7267.77,8088.1,1.1542,1.7799
9/11/2000,808.12,48095,7214.45,8095.2,1.1604,1.7717
9/12/2000,802.57,47994,7135.75,8037.1,1.1618,1.7676
9/13/2000,803.02,47493,7006.26,8032.4,1.1566,1.7613
9/14/2000,799.34,47760,7048.5,8002.6,1.1609,1.7735
9/15/2000,789.77,47168,6999.54,8014.4,1.1586,1.7857
9/18/2000,778.93,46619,6891.69,7935.9,1.1704,1.7871
9/19/2000,787.77,46530,6937.74,7872.2,1.1715,1.7773
9/20/2000,782.55,45574,6765.23,7831.8,1.1799,1.7846
9/21/2000,780.39,44972,6682.92,7865.8,1.1725,1.7663
9/22/2000,774.08,45503,6740.25,7976.6,1.1342,1.7313
9/25/2000,766.01,45844,6788.69,8016.3,1.1451,1.7393
9/26/2000,756.87,45600,6765.04,7966.2,1.1362,1.7301
9/27/2000,758.63,45762,6814.06,7942.4,1.1347,1.7313
9/28/2000,773.32,45579,6832.76,7933.9,1.1326,1.7268
9/29/2000,759.83,45329,6798.12,7713.3,1.1331,1.7242
10/2/2000,763.26,45961,6862.26,7889.9,1.1342,1.7341
10/3/2000,758.03,45983,6862.26,7949.6,1.141,1.7368
10/4/2000,762.03,45877,6823.43,7945.6,1.1457,1.7386
10/5/2000,764.45,45960,6892.49,7966.8,1.1501,1.7463
10/6/2000,750.97,45318,6776.39,7920.2,1.1498,1.7495
10/9/2000,744.23,44677,6680.78,7756.3,1.1507,1.7535
10/10/2000,737.68,44914,6673.15,7812.6,1.1518,1.7483
10/11/2000,724.02,43952,6561.63,7665.4,1.1443,1.7352
10/12/2000,703.68,43553,6465.26,7695.6,1.1594,1.7413
10/13/2000,729.01,44424,6661.3,7629.4,1.1635,1.7703
10/16/2000,725.48,44406,6627.25,7586.2,1.1784,1.779
10/17/2000,711.72,44244,6531.71,7611.8,1.1766,1.7769
10/18/2000,706.77,44080,6483,7638.3,1.1798,1.7881
10/19/2000,733.89,45142,6619.43,7763.8,1.191,1.7861
10/20/2000,738.16,45370,6618.43,7722.7,1.1939,1.7852
10/23/2000,734.35,45776,6620.45,7768.8,1.1962,1.799
10/24/2000,738.42,46570,6802.81,7872.6,1.1945,1.7957
10/25/2000,719.14,46504,6748.22,7833,1.2067,1.7837
10/26/2000,720.62,46419,6767.9,7859,1.2063,1.8201
10/27/2000,726.18,47083,6924.68,7884.5,1.1867,1.8067
10/30/2000,732.77,47336,6926.57,7948.8,1.1834,1.8079
10/31/2000,750.93,47628,7077.44,7977.5,1.1798,1.7973
11/1/2000,748.39,48115,7059.07,7985.7,1.166,1.7741
11/2/2000,753.52,48006,7088.64,8084.9,1.1627,1.7777
11/3/2000,751.7,48057,7128.27,8062.1,1.1579,1.7545
11/6/2000,755.44,48329,7136.3,8127,1.1612,1.7657
11/7/2000,756.3,48527,7076.28,8125.8,1.1618,1.7681
11/8/2000,743.32,48326,7008.64,8102.6,1.1678,1.7747
11/9/2000,739.21,48393,6959.5,8031.8,1.1643,1.7545
11/10/2000,719.11,47565,6851.69,8050,1.1581,1.7731
11/13/2000,712.16,47021,6742.1,8001.5,1.1627,1.7687
11/14/2000,729.67,48313,6966.65,8117.4,1.1654,1.773
11/15/2000,733.3,48766,6961.09,8106.6,1.1636,1.7789
11/16/2000,724.18,48401,6842.11,8129.1,1.1705,1.7881
11/17/2000,725.09,48171,6752.29,8131,1.1727,1.7995
11/20/2000,710.04,47394,6609.48,8129.1,1.178,1.7911
11/21/2000,713.7,47585,6678.07,8155.1,1.1826,1.8033
11/22/2000,700.72,46651,6510.54,8018.7,1.1858,1.8015
11/23/2000,700.72,47049,6601,8056.5,1.1875,1.8015
11/24/2000,711.16,47822,6664.18,8081.5,1.1908,1.8071
11/27/2000,714.78,47731,6696.91,8142,1.178,1.7759
11/28/2000,708.47,47361,6625.56,8075.7,1.1696,1.7635
11/29/2000,712.47,47751,6598.32,8065.7,1.1627,1.7613
11/30/2000,697.28,46483,6372.33,7981.9,1.1488,1.7296
12/1/2000,695.99,46590,6512.91,8050.5,1.1455,1.7227
12/4/2000,701.27,45450,6408.1,8021.8,1.1244,1.70395
12/5/2000,732.09,46321,6637.09,8164.8,1.1299,1.7147
12/6/2000,717.25,45885,6622.25,8097,1.1305,1.6999
12/7/2000,710.29,45546,6566.08,8015.9,1.1238,1.7001
12/8/2000,727.06,45719,6691.25,7995.8,1.126,1.7141
12/11/2000,733.97,45931,6782.52,8037.7,1.1391,1.7135
12/12/2000,728.91,45869,6733.59,8011.9,1.14,1.715
12/13/2000,720.59,45418,6620.21,8040.7,1.1421,1.714
12/14/2000,710.67,44607,6469.95,7928.8,1.1269,1.71325
12/15/2000,689.48,43669,6331.3,7867,1.1142,1.68935
12/18/2000,694.35,43287,6390.25,7974.3,1.1163,1.6783
12/19/2000,686.85,44226,6479.28,8068.3,1.1222,1.6907
12/20/2000,661.5,43253,6248.76,7993.7,1.1028,1.66995
12/21/2000,668.58,43128,6200.71,7944.2,1.094,1.65965
12/22/2000,684.24,43484,6251.4,7978.3,1.0828,1.6445
12/25/2000,684.24,43484,6251.4,7978.3,1.0828,1.6445
12/26/2000,687,43484,6251.4,7978.3,1.0765,1.6445
12/27/2000,691.18,44112,6328.16,8083.8,1.0746,1.6445
12/28/2000,692.29,44300,6371.64,8153.6,1.0803,1.6445
12/29/2000,686.45,43719,6433.61,8135.4,1.0651,1.6125
1/1/2001,686.45,43719,6433.61,8135.4,1.0651,1.6125
1/2/2001,667.13,42906,6289.82,8135.4,1.0554,1.6007
1/3/2001,703.97,41972,6434.96,8118.9,1.0573,1.62875
1/4/2001,700.92,42738,6376.54,8116.8,1.0586,1.6049
1/5/2001,681.71,42992,6382.31,7985.6,1.0508,1.5989
1/8/2001,677.31,42753,6392.17,7986.6,1.0527,1.6051
1/9/2001,679.45,42796,6404.52,7957.6,1.0632,1.6129
1/10/2001,684.78,42992,6320.07,7860,1.0629,1.6285
1/11/2001,693.4,43681,6465.21,7877.3,1.0527,1.6135
1/12/2001,687.88,44304,6490.03,7848.2,1.054,1.619
1/15/2001,687.88,44280,6522.87,7862.4,1.0616,1.63445
1/16/2001,693.05,43833,6501.61,7874,1.0628,1.6359
1/17/2001,691.98,44811,6653.38,7972.7,1.0748,1.6423
1/18/2001,704,44725,6635.76,7936.2,1.0588,1.6211
1/19/2001,705.23,44469,6651.53,7862.4,1.0694,1.6357
1/22/2001,703.17,44506,6675,7875.5,1.0691,1.6315
1/23/2001,712.04,44234,6722.41,7889,1.0646,1.6388
1/24/2001,714.33,44819,6706.67,7940,1.0835,1.6559
1/25/2001,710.81,44901,6727.49,7978,1.0867,1.6524
1/26/2001,709.06,44788,6695.2,8041.4,1.0846,1.6507
1/29/2001,711.55,44585,6750.96,8037.2,1.0887,1.6571
1/30/2001,718.46,44821,6739.3,8047.1,1.0817,1.6464
1/31/2001,715.2,44963,6795.14,8057.4,1.0753,1.6348
2/1/2001,719.7,44546,6704.68,7974,1.0635,1.6291
2/2/2001,705.48,44049,6638.2,8007.5,1.0714,1.6447
2/5/2001,709.66,43703,6628.07,8048.4,1.0638,1.6429
2/6/2001,708.52,43625,6693.03,8062,1.0735,1.6533
2/7/2001,700.77,43083,6578.96,8023.2,1.0723,1.6547
2/8/2001,694.32,43128,6636.81,7938.8,1.0885,1.6705
2/9/2001,682.35,42571,6497.07,7920.1,1.0819,1.6608
2/12/2001,692.06,43194,6564.91,7890.7,1.0756,1.652
2/13/2001,684.75,42927,6557.93,7901.6,1.0854,1.6685
2/14/2001,682.68,42304,6479.87,7813.2,1.0887,1.6707
2/15/2001,688.5,42515,6591.67,7865.8,1.1067,1.693
2/16/2001,675.42,41666,6439.26,7757.4,1.0919,1.677
2/19/2001,675.42,41813,6472.21,7768.9,1.0861,1.677
2/20/2001,661.36,41100,6451.57,7705.6,1.1002,1.6851
2/21/2001,647.6,40871,6347.99,7637.1,1.0963,1.6855
2/22/2001,647.29,40527,6277.99,7652.7,1.1016,1.6946
2/23/2001,642.64,39913,6075.34,7607.2,1.101,1.6746
2/26/2001,655.8,40389,6189.07,7660.2,1.0993,1.6877
2/27/2001,650.97,40185,6220.48,7678.2,1.0885,1.6747
2/28/2001,640.71,40203,6208.24,7701.8,1.0874,1.669
3/1/2001,641.38,39500,6123.38,7560.2,1.0756,1.6515
3/2/2001,633.89,39072,6159.02,7533.5,1.0689,1.6492
3/5/2001,638.43,38970,6216.38,7581.6,1.0764,1.6555
3/6/2001,645.45,39737,6284.06,7619.4,1.0748,1.649
3/7/2001,650.72,39950,6305.64,7605.2,1.0784,1.65695
3/8/2001,651.46,39897,6267.06,7569.8,1.0731,1.6511
3/9/2001,633.4,39241,6204.42,7535.4,1.0731,1.6523
3/12/2001,601.51,38193,6046.56,7399.8,1.0762,1.6564
3/13/2001,613.51,38130,5962.93,7380.6,1.0902,1.6829
3/14/2001,596.1,37673,5794.12,7225.7,1.0969,1.6875
3/15/2001,600.71,37976,5889.95,7280,1.103,1.7126
3/16/2001,587.99,37257,5734.49,7112.6,1.1152,1.7091
3/19/2001,597.67,37286,5657.29,7034.6,1.1136,1.7053
3/20/2001,581.93,37829,5782.16,7067.6,1.1075,1.69985
3/21/2001,569.97,37450,5622.09,6965.2,1.1142,1.7081
3/22/2001,567.66,35697,5388.02,6574,1.1316,1.7247
3/23/2001,580.71,36818,5544.67,6736.1,1.1197,1.7205
3/26/2001,588.45,37708,5726.97,6987.7,1.1167,1.714
3/27/2001,605.58,38756,5938.21,7011.2,1.1133,1.7175
3/28/2001,588.31,38247,5817.52,6966.9,1.1246,1.7267
3/29/2001,584.9,38902,5879.3,7044.9,1.1338,1.72725
3/30/2001,591.63,38991,5829.95,7167.8,1.1312,1.7429
4/2/2001,584.4,39145,5760.76,7035.3,1.1338,1.7355
4/3/2001,562.38,38039,5553.46,6870.8,1.1278,1.7019
4/4/2001,560.99,38595,5597.66,6825.4,1.1077,1.69495
4/5/2001,588.52,39171,5773.34,6987.5,1.1153,1.70295
4/6/2001,577.35,39205,5698.88,6954.9,1.1094,1.6911
4/9/2001,581.47,39710,5781.01,7070.6,1.1086,1.7043
4/10/2001,597.85,40105,5913.84,7173.5,1.1233,1.7171
4/11/2001,598.45,39808,5951.16,7235.9,1.1303,1.7108
4/12/2001,608.25,40013,6002.3,7247,1.1192,1.70555
4/13/2001,608.25,40013,6002.3,7247,1.1192,1.70555
4/16/2001,605.99,40013,6002.3,7247,1.1308,1.70555
4/17/2001,611.78,40145,5935.58,7247,1.1337,1.7281
4/18/2001,639.33,40795,6164.88,7338.5,1.1457,1.7299
4/19/2001,649.03,40561,6181.91,7286.1,1.1249,1.7044
4/20/2001,643.66,40260,6127.97,7239.3,1.1096,1.6952
4/23/2001,633.89,39559,6051.48,7170.7,1.1145,1.7049
4/24/2001,625.74,40025,6124.57,7269.6,1.1187,1.71335
4/25/2001,635.59,40116,6115.19,7209.5,1.1146,1.70615
4/26/2001,640.29,40014,6123.66,7201.9,1.1089,1.7023
4/27/2001,649.11,40401,6175.24,7248.7,1.1203,1.7258
4/30/2001,645.47,40937,6264.51,7327.2,1.1279,1.73145
5/1/2001,655.55,40937,6264.51,7327.2,1.122,1.72515
5/2/2001,657.33,40885,6213.84,7369.9,1.1216,1.72665
5/3/2001,647.75,39885,6089.17,7300,1.1191,1.7332
5/4/2001,658.74,40005,6138.28,7365.6,1.1172,1.729
5/7/2001,657.46,40115,6122.62,7463.9,1.1218,1.7306
5/8/2001,656.39,39963,6108.72,7433,1.1297,1.7416
5/9/2001,652.14,39507,6063.94,7373.4,1.1308,1.73875
5/10/2001,651.42,39922,6165.18,7488.1,1.1322,1.7427
5/11/2001,645.43,39931,6141.02,7518.8,1.1414,1.7505
5/14/2001,647.47,40200,6064.68,7474.9,1.1442,1.7517
5/15/2001,646.26,39899,6070.38,7548.4,1.1382,1.74375
5/16/2001,664.6,39820,6148.44,7568.3,1.1308,1.73425
5/17/2001,665.58,39698,6173.81,7639.8,1.1347,1.73875
5/18/2001,668.38,39808,6186.87,7658.2,1.1404,1.7436
5/21/2001,678.6,39466,6249.87,7672,1.1427,1.7489
5/22/2001,676.06,39982,6270.59,7705.8,1.1541,1.76655
5/23/2001,665.19,39791,6215.25,7699.4,1.1617,1.7817
5/24/2001,668.3,40220,6278.9,7699.4,1.166,1.7773
5/25/2001,658.29,39686,6223.57,7671.9,1.1671,1.7741
5/28/2001,658.29,39928,6216.83,7661.4,1.1627,1.7772
5/29/2001,652.9,39551,6120.33,7615.5,1.1707,1.78005
5/30/2001,642.96,38822,6041.22,7559,1.1665,1.7816
5/31/2001,646.23,38872,6123.26,7487.6,1.1798,1.7973
6/1/2001,649.61,38534,6125.17,7526.53,1.1813,1.7952
6/4/2001,654.48,38215,6177.74,7526.53,1.1798,1.7937
6/5/2001,662.09,38582,6242.13,7593.2,1.1792,1.776
6/6/2001,655.07,38153,6192.44,7581.4,1.1809,1.7954
6/7/2001,658.59,38396,6184.25,7588.7,1.1761,1.7899
6/8/2001,651.92,38716,6187.21,7547.6,1.1787,1.7928
6/11/2001,646.59,38662,6162.74,7498.9,1.1879,1.80195
6/12/2001,647.55,38207,6059.15,7405.3,1.1777,1.7879
6/13/2001,639.92,38405,6111.94,7475.8,1.1744,1.7867
6/14/2001,629.42,37684,6031.27,7373.3,1.1644,1.76915
6/15/2001,626.63,37352,5915.18,7328.2,1.1598,1.7752
6/18/2001,624.47,36751,5869.04,7318.5,1.161,1.7789
6/19/2001,626.66,36892,5922.53,7269.5,1.1663,1.78975
6/20/2001,634.05,36535,5876.04,7218.3,1.1738,1.78405
6/21/2001,642.97,36247,5926.38,7221.4,1.1715,1.77795
6/22/2001,636.15,36405,5941.77,7161.2,1.1704,1.7728
6/25/2001,632.03,36810,5902.32,7164.2,1.161,1.7692
6/26/2001,629.54,36359,5847.79,7067.2,1.1605,1.7663
6/27/2001,626.69,36524,5833.1,6997.4,1.1629,1.7693
6/28/2001,635.58,37012,5971.77,7150.7,1.1785,1.8003
6/29/2001,632.02,37071,6058.38,7240.2,1.1812,1.7933
7/2/2001,639.94,37886,6109.5,7316,1.1816,1.795
7/3/2001,638.55,37710,6056.84,7242.8,1.1811,1.79555
7/4/2001,638.55,37557,6015.72,7177.9,1.1823,1.79555
7/5/2001,628.56,37532,5999.19,7112,1.1949,1.8187
7/6/2001,612.95,36704,5862.1,6971.9,1.1841,1.7927
7/9/2001,618.29,36907,5869.86,6985.2,1.1776,1.79395
7/10/2001,608.79,36615,5816.32,6893.9,1.1684,1.7775
7/11/2001,607.01,36231,5801.8,6808.8,1.161,1.7676
7/12/2001,622.46,36234,5889.88,6929,1.173,1.7705
7/13/2001,626.85,36431,5928.01,6941.3,1.1741,1.7694
7/16/2001,620.6,36380,5853.76,6934.5,1.1696,1.7727
7/17/2001,626.91,35788,5846.66,6902,1.1744,1.7539
7/18/2001,623.06,35351,5728.37,6857.6,1.1477,1.7221
7/19/2001,627.08,35915,5829.69,6992.3,1.1498,1.7261
7/20/2001,625.59,35768,5764.06,6930,1.1456,1.7265
7/23/2001,614.41,35965,5791.73,6927.5,1.1521,1.7335
7/24/2001,604.16,35881,5663.26,6772.7,1.1436,1.7245
7/25/2001,613.95,35604,5582.76,6667.3,1.1374,1.7149
7/26/2001,619.14,35854,5675.76,6683.9,1.1405,1.7196
7/27/2001,620.16,36352,5754.86,6760.8,1.1449,1.7203
7/30/2001,618.89,36682,5792.19,6817.9,1.1426,1.7271
7/31/2001,622.16,36738,5861.19,6847.3,1.1429,1.72555
8/1/2001,623.61,36873,5835.23,6916.4,1.1377,1.7139
8/2/2001,626.27,36648,5777.28,6940.6,1.1339,1.7095
8/3/2001,623.65,36632,5735.88,6877.8,1.1291,1.707
8/6/2001,615.21,36988,5746.04,6898.5,1.1358,1.7105
8/7/2001,618.71,37069,5752.51,6893.3,1.1405,1.71725
8/8/2001,607.53,36851,5614.51,6875.7,1.141,1.7095
8/9/2001,607.83,36572,5512.28,6722.7,1.1252,1.6892
8/10/2001,611.41,36013,5433.49,6623.4,1.1168,1.6946
8/13/2001,610.49,36047,5453.77,6707.8,1.113,1.6925
8/14/2001,607.02,36328,5520.71,6818.6,1.1143,1.67885
8/15/2001,603.02,36328,5455.44,6774.2,1.0976,1.6637
8/16/2001,605.03,35959,5361.92,6712,1.0955,1.6653
8/17/2001,593.87,35264,5222.12,6660,1.091,1.6553
8/20/2001,599,35232,5207.83,6625.4,1.0959,1.65985
8/21/2001,590.27,35239,5216.11,6735.4,1.0958,1.66025
8/22/2001,594.68,35317,5220.21,6662.9,1.0858,1.6457
8/23/2001,592.93,35390,5254.04,6621.2,1.0952,1.66075
8/24/2001,606.71,35914,5387.5,6718,1.0953,1.66075
8/27/2001,604.22,35778,5406.47,6763.9,1.0995,1.6664
8/28/2001,594.13,35390,5308.78,6666.1,1.0996,1.6632
8/29/2001,586.38,35591,5305,6580.6,1.0985,1.6703
8/30/2001,574.38,34824,5162.4,6522.1,1.0999,1.6542
8/31/2001,577.4,34637,5188.17,6582.4,1.1008,1.6637
9/3/2001,577.4,34269,5094.1,6458.3,1.1033,1.6637
9/4/2001,578.04,34259,5208.1,6562.9,1.1226,1.7027
9/5/2001,578.89,33146,5048.08,6508.1,1.1255,1.7055
9/6/2001,565.51,32187,4875.37,6395.5,1.1222,1.68835
9/7/2001,553.89,31903,4730.67,6255.5,1.1069,1.6732
9/10/2001,558.58,31564,4670.13,6128.3,1.1119,1.6884
9/11/2001,558.58,29106,4273.53,5695.1,1.102,1.64505
9/12/2001,558.58,29357,4335.2,5838.4,1.1041,1.6585
9/13/2001,558.58,29743,4392.4,5907.5,1.101,1.649
9/14/2001,558.58,27757,4115.98,5628.3,1.0862,1.649
9/17/2001,529.1,27794,4234.55,5803.6,1.0875,1.6052
9/18/2001,526.8,27291,4194.85,5734.5,1.0848,1.6022
9/19/2001,518.85,26764,4041.8,5652.1,1.0758,1.5965
9/20/2001,501.02,25445,3809.67,5399.1,1.0786,1.58545
9/21/2001,491.7,24234,3787.23,5110.2,1.0917,1.5792
9/24/2001,513.03,26193,4038.69,5452.7,1.0928,1.59805
9/25/2001,517.92,26840,4009.12,5619.9,1.0828,1.5879
9/26/2001,516.29,27416,4095.32,5725.4,1.0855,1.5997
9/27/2001,521.96,28096,4184.5,5829.8,1.0865,1.6131
9/28/2001,533.1,29392,4308.15,6014.2,1.0981,1.6213
10/1/2001,533.4,28641,4239.97,5919.5,1.0921,1.6213
10/2/2001,539.57,29053,4304.2,5905.4,1.0916,1.6199
10/3/2001,550.6,29465,4436.66,5858.9,1.0865,1.62285
10/4/2001,548.45,30216,4548.13,6012.4,1.0949,1.6207
10/5/2001,549.38,29476,4487.69,5954.9,1.0883,1.6164
10/8/2001,544.88,29990,4495.15,5952.9,1.0881,1.6088
10/9/2001,541.84,29655,4472.42,5935.8,1.0891,1.62505
10/10/2001,554.76,30642,4613.19,5976.9,1.0972,1.62835
10/11/2001,563.39,31156,4718.46,6105.2,1.1088,1.64495
10/12/2001,560.78,30530,4625.13,6039.4,1.1039,1.6255
10/15/2001,560.43,30062,4548.48,5994.4,1.102,1.6277
10/16/2001,562.01,30512,4626.48,5993,1.1002,1.63505
10/17/2001,554.67,31110,4644.82,6025.6,1.1029,1.6397
10/18/2001,551.01,30875,4574.37,6092.4,1.1075,1.63695
10/19/2001,553.8,30211,4513.53,6070.3,1.1143,1.6426
10/22/2001,562.52,30948,4619.32,6176.9,1.1213,1.6595
10/23/2001,559.05,31827,4704.22,6276.8,1.1257,1.66
10/24/2001,558.69,31811,4811.82,6279.4,1.1215,1.6562
10/25/2001,565.62,31028,4715.6,6193.3,1.1158,1.6531
10/26/2001,567.98,31848,4820.26,6256.7,1.1207,1.6511
10/29/2001,553.34,31335,4660.35,6140.3,1.1058,1.6274
10/30/2001,545.06,30148,4543.98,6008,1.1004,1.6247
10/31/2001,544.43,30672,4559.13,6081,1.1102,1.6347
11/1/2001,558.24,30746,4636.13,6102.8,1.1031,1.6311
11/2/2001,559.99,30549,4583.31,6125.2,1.1059,1.6296
11/5/2001,566.68,31200,4755.11,6223.7,1.1151,1.641
11/6/2001,576.3,30782,4707.65,6234.8,1.1151,1.6397
11/7/2001,573.64,31087,4860.66,6251.3,1.1114,1.6408
11/8/2001,576.62,31719,4993.57,6396.8,1.1207,1.6364
11/9/2001,577.99,31444,4910.07,6341,1.1192,1.6381
11/12/2001,576.13,30588,4820.37,6229.1,1.1179,1.63635
11/13/2001,587.04,31535,4946.97,6384.6,1.1339,1.66955
11/14/2001,589.16,31510,4953.53,6416.7,1.1316,1.66395
11/15/2001,590.44,31698,5006.33,6544.8,1.1349,1.661
11/16/2001,588.07,32176,5062.64,6565,1.1296,1.6583
11/19/2001,595.07,32994,5185.1,6605.6,1.1373,1.6598
11/20/2001,590.03,32429,5096.18,6481.6,1.1326,1.64865
11/21/2001,586.36,32392,5087.03,6496.1,1.1413,1.65645
11/22/2001,586.36,32510,5124.54,6539.9,1.1374,1.65645
11/23/2001,593.27,32620,5150.97,6458.8,1.1408,1.6661
11/26/2001,596.24,32277,5114.12,6471.3,1.1374,1.6639
11/27/2001,590.83,31694,5059.57,6407.8,1.1342,1.65645
11/28/2001,578.92,31648,4915.95,6286.3,1.1288,1.64635
11/29/2001,585.28,31811,4936.08,6299,1.1279,1.6555
11/30/2001,584.8,31736,4989.91,6237,1.1168,1.6415
12/3/2001,578.66,31449,4988.44,6238.9,1.1228,1.6546
12/4/2001,585.63,31830,5013.99,6377,1.1217,1.6521
12/5/2001,597.7,32964,5262.75,6474.3,1.1259,1.6597
12/6/2001,596.77,33129,5271.29,6463.9,1.1221,1.6575
12/7/2001,591.78,33035,5199.03,6443.7,1.1226,1.6576
12/10/2001,581.24,32335,5124.68,6351.9,1.1254,1.6629
12/11/2001,579.32,32394,5146.45,6328.5,1.1252,1.6531
12/12/2001,580.37,31901,5062.56,6314.7,1.1171,1.6418
12/13/2001,570.6,31164,4966.05,6254.7,1.1141,1.6527
12/14/2001,572.52,30995,4909.42,6184.3,1.1078,1.63185
12/17/2001,578.97,32031,5067.99,6301.7,1.105,1.634
12/18/2001,583.38,31684,5039.64,6267.7,1.109,1.63265
12/19/2001,588.72,31361,4984.69,6190.8,1.1131,1.638
12/20/2001,584.3,30976,4934.14,6296.4,1.1143,1.63205
12/21/2001,586.41,31687,5019.01,6364.6,1.1274,1.6518
12/24/2001,585.19,31687,5019.01,6364.6,1.1388,1.6896
12/25/2001,585.19,31687,5019.01,6364.6,1.1388,1.6896
12/26/2001,587.5,31687,5019.01,6364.6,1.1378,1.69115
12/27/2001,590.87,32217,5117.13,6410.6,1.1276,1.67715
12/28/2001,591.75,32263,5160.1,6417.8,1.134,1.6728
12/31/2001,584.28,32263,5160.1,6417.8,1.1231,1.6605
1/1/2002,584.28,32263,5160.1,6417.8,1.1231,1.6605
1/2/2002,588.98,31949,5167.88,6372.3,1.1058,1.64465
1/3/2002,595.13,32622,5270.29,6380.9,1.1106,1.65045
1/4/2002,598.61,32465,5318.73,6392.9,1.1177,1.6533
1/7/2002,594.41,32162,5232.22,6384.4,1.1206,1.6497
1/8/2002,592.5,32426,5236.37,6313.9,1.1222,1.65445
1/9/2002,589.62,32499,5288.21,6360.3,1.125,1.6602
1/10/2002,590.56,31784,5228.11,6363.7,1.1194,1.661
1/11/2002,584.2,32039,5209.97,6416.4,1.1227,1.6547
1/14/2002,580.86,31249,5065.84,6301.1,1.1179,1.65505
1/15/2002,584.85,31669,5062.04,6292.3,1.122,1.66
1/16/2002,574.99,31244,4984.2,6238.9,1.1317,1.6644
1/17/2002,581.63,31651,5133.4,6320,1.1356,1.6653
1/18/2002,575.24,31758,5122.23,6294.2,1.1317,1.6603
1/21/2002,575.24,31428,5069.74,6231.1,1.1321,1.66235
1/22/2002,570.63,31609,5045.72,6266.3,1.1331,1.6603
1/23/2002,573.63,31659,5163.03,6310,1.131,1.67375
1/24/2002,575.09,31866,5170.44,6390.9,1.1386,1.67435
1/25/2002,575.14,32059,5156.63,6372.1,1.1566,1.7042
1/28/2002,574.91,32399,5159.02,6413.5,1.1609,1.7081
1/29/2002,557.28,32146,5084.52,6324.1,1.1605,1.7
1/30/2002,564.38,31905,5052.2,6212.4,1.1601,1.708
1/31/2002,573.49,31989,5107.61,6237.3,1.1616,1.7195
2/1/2002,569.35,31977,5097.06,6234.6,1.1613,1.714
2/4/2002,553.43,31457,4984.48,6196.6,1.1543,1.6986
2/5/2002,552.38,30939,4936.75,6132.5,1.1514,1.6983
2/6/2002,550.2,30416,4804.41,6105.2,1.151,1.6976
2/7/2002,548.69,30568,4862.62,6227.2,1.1501,1.6915
2/8/2002,557.28,30707,4835.95,6245.5,1.1464,1.6909
2/11/2002,565.08,30607,4940,6278.9,1.1393,1.68455
2/12/2002,562.51,30272,4884.78,6253.3,1.141,1.68515
2/13/2002,567.79,30778,4935.35,6337,1.1461,1.6999
2/14/2002,567.13,31121,4973.77,6421.6,1.1492,1.6971
2/15/2002,559.65,30709,4862.6,6414.4,1.1451,1.6979
2/18/2002,559.65,30562,4871.76,6378.5,1.149,1.6979
2/19/2002,549.22,29912,4764.05,6235.9,1.1442,1.68785
2/20/2002,557.59,29849,4780.24,6199.4,1.1471,1.70095
2/21/2002,548.58,30218,4850.73,6226.9,1.1484,1.6992
2/22/2002,554.04,30086,4745.58,6186.5,1.14,1.6904
2/25/2002,563.78,30477,4863.54,6236.3,1.1476,1.6979
2/26/2002,562.67,30636,4897.75,6210.3,1.151,1.709
2/27/2002,563.09,31704,4960.22,6319.9,1.1573,1.7051
2/28/2002,562.41,31755,5039.08,6352.8,1.1561,1.6964
3/1/2002,576.16,31981,5097.41,6349,1.1551,1.7086
3/4/2002,586.52,32664,5245.84,6440.7,1.1502,1.6993
3/5/2002,581.95,32514,5228.67,6412.5,1.1504,1.6944
3/6/2002,590.21,32807,5285.26,6416.3,1.1429,1.6822
3/7/2002,586.88,32666,5289.43,6440.6,1.1355,1.66975
3/8/2002,589.84,33026,5359.55,6531.2,1.1413,1.6853
3/11/2002,591.73,32748,5340.67,6496.6,1.1412,1.67995
3/12/2002,591.09,32515,5275.81,6453,1.1451,1.67805
3/13/2002,584.7,32791,5245.99,6497.1,1.1418,1.6756
3/14/2002,584.33,32927,5276.87,6543.5,1.1331,1.6555
3/15/2002,591.13,33107,5401.11,6571.3,1.1316,1.6578
3/18/2002,589.63,32828,5426.04,6622.6,1.1347,1.659
3/19/2002,592.09,33174,5462.55,6630,1.1326,1.6603
3/20/2002,582.17,32888,5364.7,6612.1,1.1306,1.6532
3/21/2002,582.44,32969,5348.68,6600.4,1.1337,1.6566
3/22/2002,580.09,33066,5366.13,6615.8,1.1374,1.6668
3/25/2002,571.67,32722,5317.38,6610.1,1.1405,1.6651
3/26/2002,575.17,32931,5390.59,6624.3,1.1406,1.6683
3/27/2002,577.49,32758,5348,6631.8,1.1457,1.67895
3/28/2002,577.87,33275,5397.29,6655.2,1.1463,1.6845
3/29/2002,577.87,33275,5397.29,6655.2,1.1463,1.68275
4/1/2002,576.68,33275,5397.29,6655.2,1.1369,1.66175
4/2/2002,571.48,33115,5311.08,6671.5,1.1346,1.66335
4/3/2002,566.03,33211,5281.84,6694.1,1.1355,1.65955
4/4/2002,566.72,32816,5254.95,6670.7,1.1331,1.665
4/5/2002,564.02,32785,5260.53,6662.1,1.1374,1.6674
4/8/2002,563.95,32059,5180.33,6585.1,1.1429,1.6755
4/9/2002,558.83,32220,5170.25,6641.1,1.1412,1.6651
4/10/2002,565.35,32634,5265.36,6680.7,1.1375,1.66815
4/11/2002,549.46,32115,5162.96,6595.9,1.1317,1.661
4/12/2002,553.74,32251,5189.65,6593,1.1366,1.66555
4/15/2002,547.72,32360,5244.2,6615.5,1.1352,1.669
4/16/2002,561.29,33309,5343.88,6679.4,1.1326,1.6644
4/17/2002,559.73,33205,5318.55,6691.3,1.1265,1.6498
4/18/2002,559.36,33030,5262.88,6687.4,1.1227,1.64705
4/19/2002,559.79,33179,5284.55,6676.7,1.1249,1.64385
4/22/2002,550.04,32782,5205.48,6685.3,1.1251,1.65105
4/23/2002,545.8,32795,5192.1,6675,1.1242,1.65005
4/24/2002,541.86,32807,5160.14,6679.8,1.1211,1.64195
4/25/2002,540.69,32302,5054.41,6591.8,1.1128,1.6298
4/26/2002,532.37,32146,5000.38,6530.1,1.1127,1.624
4/29/2002,526.84,32154,5008.04,6566.8,1.1093,1.61975
4/30/2002,532.4,32058,5041.2,6557.6,1.1098,1.61705
5/1/2002,538.53,32058,5041.2,6557.6,1.1035,1.6027
5/2/2002,537.53,31466,4964.56,6552.3,1.1075,1.6091
5/3/2002,530.52,31110,4882.77,6598.7,1.0954,1.5863
5/6/2002,519.48,31172,4880.67,6571.5,1.0917,1.585
5/7/2002,518.22,30972,4872.41,6478.1,1.0959,1.59075
5/8/2002,540.62,31626,5028.59,6591.9,1.1007,1.60815
5/9/2002,531.69,31234,4966.48,6595.1,1.101,1.5976
5/10/2002,523.24,30792,4871.7,6533.1,1.0955,1.59005
5/13/2002,533.76,31291,4975.48,6568.3,1.0978,1.5961
5/14/2002,545.6,31853,5049.08,6622.3,1.1094,1.6135
5/15/2002,542.02,31852,5072.39,6670.1,1.1027,1.5952
5/16/2002,547.88,31820,5047.45,6692,1.1001,1.59645
5/17/2002,553.3,31667,5036.41,6740.6,1.0858,1.58025
5/20/2002,545.28,31020,4998.99,6606,1.0854,1.57775
5/21/2002,538.28,31045,4984.61,6623.3,1.0891,1.5785
5/22/2002,541.92,30746,4919.5,6585.9,1.079,1.569
5/23/2002,547.57,30666,4879.5,6564.1,1.0854,1.57855
5/24/2002,539.92,30533,4899.13,6576,1.0837,1.58415
5/27/2002,539.92,30624,4961.54,6607.7,1.0873,1.5821
5/28/2002,534.32,30588,4918.58,6584.1,1.0764,1.5744
5/29/2002,530.04,30524,4881.8,6598,1.0727,1.56855
5/30/2002,528.88,30040,4761.96,6544.1,1.0664,1.56365
5/31/2002,529.2,29952,4818.3,6574.8,1.0703,1.57235
6/3/2002,514.74,29529,4747.95,6551.1,1.0661,1.5611
6/4/2002,516.03,28801,4625.79,6415.7,1.0598,1.5652
6/5/2002,520.87,28782,4624.31,6400.1,1.0664,1.5654
6/6/2002,509.55,28566,4657.52,6366,1.0582,1.5569
6/7/2002,507.31,28351,4610.18,6250.9,1.058,1.55885
6/10/2002,509.03,28582,4589.26,6267.5,1.059,1.55945
6/11/2002,500.7,29333,4606.09,6330.3,1.0609,1.5552
6/12/2002,507.02,28738,4510.19,6142,1.0565,1.56595
6/13/2002,502.16,28134,4470.14,6050.8,1.0573,1.5628
6/14/2002,501.76,27600,4303.85,5980.7,1.0544,1.56075
6/17/2002,516.18,28648,4475.1,6160.9,1.0599,1.5624
6/18/2002,516.73,28662,4433.85,6072.2,1.0545,1.5495
6/19/2002,507.64,28377,4354.82,5971.6,1.0466,1.53535
6/20/2002,500.02,27674,4245.68,5777.9,1.0369,1.525
6/21/2002,489.42,27594,4232.4,5791.6,1.0319,1.51045
6/24/2002,493.04,26793,4127.21,5594.2,1.0228,1.5114
6/25/2002,483.42,27206,4202.97,5781.4,1.0307,1.4986
6/26/2002,482.57,26939,4099.05,5629,1.0098,1.4945
6/27/2002,491.61,27016,4259.43,5717.9,1.0165,1.4877
6/28/2002,490.12,27856,4382.56,5979.7,1.0126,1.481
7/1/2002,478.96,28034,4366.81,5985.1,1.0129,1.4832
7/2/2002,470.11,27210,4195.95,5863.8,1.0142,1.48655
7/3/2002,474.41,26680,4138.15,5711.4,1.0197,1.49395
7/4/2002,474.41,26903,4258.62,5847.8,1.0211,1.49395
7/5/2002,492.66,28078,4483.03,6024.2,1.0273,1.50475
7/8/2002,486.29,27957,4442.33,6002.3,1.0132,1.48385
7/9/2002,475.24,27853,4369.76,5967,1.0068,1.483
7/10/2002,458.69,27293,4190.22,5775.5,1.0127,1.4856
7/11/2002,462.92,26449,4118.5,5538.5,1.0108,1.4843
7/12/2002,458.91,26246,4130.8,5604.7,1.0111,1.48305
7/15/2002,457.17,25110,3912.51,5358,0.9938,1.4626
7/16/2002,448.81,25233,3977.75,5225.3,0.9894,1.4487
7/17/2002,453.68,25764,4092.82,5299.7,0.9926,1.4554
7/18/2002,441.28,26191,4100.75,5271.5,0.9921,1.4475
7/19/2002,423.1,25126,3891.88,4976.3,0.9856,1.4426
7/22/2002,407.88,24127,3691.43,4699.7,0.9933,1.44365
7/23/2002,396.75,23790,3515.83,4628.6,1.0081,1.4689
7/24/2002,419.98,23564,3632.66,4607.8,1.0069,1.4582
7/25/2002,417.31,23871,3520.46,4906.3,0.9986,1.4413
7/26/2002,426.93,24027,3579,5023.6,1.0113,1.466
7/29/2002,450.87,25134,3859.78,5272.3,1.0228,1.4857
7/30/2002,452.9,25153,3878.94,5215.4,1.0133,1.4823
7/31/2002,458.87,25254,3700.14,5196.7,1.02,1.4854
8/1/2002,444.32,24490,3606.45,5095.7,1.018,1.4728
8/2/2002,434.05,24356,3532.49,5036.8,1.0151,1.468
8/5/2002,418.56,23861,3332.65,4849,1.0138,1.48235
8/6/2002,431.17,24803,3568.64,5127.2,1.037,1.5089
8/7/2002,441.46,24526,3465.54,5054.2,1.0303,1.4958
8/8/2002,457.16,25262,3679.26,5254,1.0323,1.51325
8/9/2002,458.82,25684,3760.86,5324,1.0284,1.50175
8/12/2002,456.15,25214,3647.13,5244.8,1.0226,1.49375
8/13/2002,445.3,25561,3683.21,5324.8,1.0228,1.4857
8/14/2002,464.44,24761,3589.92,5266.8,1.0133,1.4965
8/15/2002,469.78,24761,3665.74,5424.1,1.0209,1.48875
8/16/2002,468.44,25653,3684.69,5401.6,1.0164,1.4887
8/19/2002,480.86,26509,3837.67,5534.8,1.0243,1.5019
8/20/2002,474.03,26262,3768.51,5379.5,1.025,1.5014
8/21/2002,480.04,26479,3868.17,5486.4,1.0196,1.4986
8/22/2002,485.95,26790,3906.55,5511.4,1.0284,1.5186
8/23/2002,474.5,26475,3828.26,5493.3,1.0281,1.5132
8/26/2002,477.59,26343,3783.84,5424.2,1.0281,1.5147
8/27/2002,471.15,26953,3851.34,5491,1.0205,1.4926
8/28/2002,462.53,25983,3682.84,5265.9,1.0191,1.5019
8/29/2002,462,25386,3660.95,5129.3,1.0162,1.4956
8/30/2002,460.8,25587,3712.94,5230.5,1.0197,1.4982
9/2/2002,460.8,25170,3609.41,5096,1.0158,1.4948
9/3/2002,440.03,24287,3398.99,4913.9,1.0033,1.47105
9/4/2002,447.98,24602,3425.9,4960,1.0062,1.4753
9/5/2002,439.14,24381,3354.71,4958.6,1.0083,1.47285
9/6/2002,446.67,25010,3485.68,5104.5,1.0152,1.4841
9/9/2002,451.27,24510,3429.22,5030.5,1.0187,1.4891
9/10/2002,455.89,25236,3494.69,5123.3,1.0268,1.4973
9/11/2002,455.41,25669,3584.69,5250.9,1.029,1.5009
9/12/2002,443.23,24822,3421.87,5079.5,1.0243,1.4967
9/13/2002,444.24,24397,3361.28,4959.3,1.0219,1.51
9/16/2002,446.65,24387,3319.05,4956.7,1.0288,1.5156
9/17/2002,438.55,24156,3289.13,4909.8,1.0318,1.5096
9/18/2002,435.99,23450,3124.92,4814.5,1.023,1.5018
9/19/2002,423.06,23064,3007.47,4730.6,1.0175,1.4809
9/20/2002,423.9,22716,3065.73,4737.5,1.0168,1.4928
9/23/2002,417.38,21664,2914.25,4561.4,1.0165,1.4971
9/24/2002,410.87,21662,2873.21,4566.4,1.0196,1.4895
9/25/2002,421.68,21967,2962.5,4644.6,1.0212,1.4992
9/26/2002,428.51,22664,3020.6,4899.1,1.0241,1.5014
9/27/2002,413.22,22562,2918.9,4909.3,1.025,1.49475
9/30/2002,407.25,21577,2769.03,4783,1.0118,1.47595
10/1/2002,425.74,21715,2865.23,4718.6,1.0156,1.4896
10/2/2002,415.93,22211,2926.74,4848.7,1.0156,1.47865
10/3/2002,412.27,22184,2813.3,4788.7,1.0125,1.4779
10/4/2002,403.22,21546,2714.62,4677,1.018,1.4913
10/7/2002,396.15,21474,2667.39,4566.4,1.0178,1.4866
10/8/2002,402.88,21044,2622.09,4497.4,1.0219,1.49775
10/9/2002,392.69,20853,2597.88,4435,1.0135,1.4785
10/10/2002,405.91,21517,2733.19,4333.1,1.015,1.4843
10/11/2002,422.68,22201,2930.74,4769.5,1.0144,1.4823
10/14/2002,425.54,21953,2850.11,4723.9,1.0132,1.47865
10/15/2002,447.26,23342,3048.27,4996.3,1.0177,1.48125
10/16/2002,436.19,23018,3008.93,4925.1,1.018,1.4938
10/17/2002,446.21,23533,3172.46,4993.3,1.0283,1.51165
10/18/2002,449.02,23389,3163.67,4967.2,1.0291,1.51195
10/21/2002,456.24,23608,3282.67,4918,1.027,1.51115
10/22/2002,452.59,23427,3155.97,4882.4,1.0234,1.5024
10/23/2002,454.73,23008,3015.42,4761.3,1.0244,1.50355
10/24/2002,447.88,23593,3090.01,4896.7,1.0267,1.50115
10/25/2002,455.65,23489,3102.01,4939.2,1.0233,1.5033
10/28/2002,452.09,23690,3198.96,4901.6,1.0172,1.48835
10/29/2002,448.86,22834,3022.01,4753.2,1.0148,1.49005
10/30/2002,452.6,23600,3113.59,4886,1.0166,1.488
10/31/2002,451.2,23779,3152.85,4949.1,1.0098,1.4762
11/1/2002,458.16,23462,3165.16,4894,1.0035,1.46735
11/4/2002,462.26,24566,3327.94,5026.8,1.0049,1.4655
11/5/2002,467.93,24695,3351.32,5039.1,0.9995,1.46395
11/6/2002,471.06,24439,3298.84,5011.6,1.0027,1.4556
11/7/2002,460.55,23756,3155.66,4899.2,0.9922,1.45035
11/8/2002,457.39,23539,3079.1,4845.4,0.9874,1.4428
11/11/2002,447.63,23249,3042.06,4791.9,0.9893,1.44785
11/12/2002,450.5,23661,3115.88,4855.3,0.99,1.4443
11/13/2002,450.61,23599,3066.42,4832.3,0.9915,1.45405
11/14/2002,461.14,24266,3188.39,4949.4,0.9957,1.4608
11/15/2002,463.72,24239,3191.76,5027.6,0.9935,1.45175
11/18/2002,459.01,24627,3218.36,5033.9,0.9914,1.4538
11/19/2002,457.69,24621,3206.93,5000.2,0.988,1.4636
11/20/2002,466.99,24737,3212.99,5034.3,0.9962,1.467
11/21/2002,477.86,25471,3304.63,5134.3,0.9994,1.46575
11/22/2002,475.03,25498,3320.88,5160.8,1.0009,1.47735
11/25/2002,476.96,25576,3299.24,5151.6,1.0078,1.48555
11/26/2002,467.08,25177,3191.63,5092,1.0073,1.4828
11/27/2002,480.36,25996,3346.14,5181.9,1.0104,1.4892
11/28/2002,480.36,26176,3360.76,5149.9,1.005,1.48465
11/29/2002,478.85,26167,3320.32,5117.5,1.0052,1.48255
12/2/2002,477.19,26115,3380.2,5150.5,1.0058,1.4769
12/3/2002,469.62,25422,3280.49,5004,1.0027,1.476
12/4/2002,468.03,25450,3320.75,5010.4,1,1.4714
12/5/2002,461.67,24924,3224.74,4950.7,0.9994,1.4711
12/6/2002,464.42,24809,3207.53,4934.8,0.9922,1.45765
12/9/2002,453.99,24178,3065.57,4863,0.9926,1.4572
12/10/2002,460.49,24546,3167.99,4909.3,0.9907,1.46215
12/11/2002,460.69,24754,3196.05,4905.8,0.9914,1.4617
12/12/2002,458.56,24438,3111.88,4880,0.9845,1.45005
12/13/2002,451.81,24108,3077.06,4847.7,0.9786,1.44305
12/16/2002,463.26,24872,3205.29,4940.1,0.9806,1.4426
12/17/2002,458.6,24660,3139.97,4902.3,0.9713,1.4291
12/18/2002,452.78,24094,3022.69,4804.6,0.9735,1.4221
12/19/2002,449.12,23840,2961.41,4781.6,0.9752,1.4239
12/20/2002,455.46,24294,3024.22,4774.6,0.9738,1.42395
12/23/2002,456.06,24285,3000.84,4731.3,0.9739,1.41815
12/24/2002,453.27,24285,3000.84,4731.3,0.9698,1.4086
12/25/2002,453.27,24285,3000.84,4731.3,0.9698,1.4059
12/26/2002,450.6,24285,3000.84,4731.3,0.9674,1.4027
12/27/2002,443.04,23728,2840,4573.9,0.961,1.4027
12/30/2002,444.77,23886,2892.63,4630.8,0.9567,1.3877
12/31/2002,444.75,23886,2892.63,4630.8,0.9529,1.38335
1/1/2003,444.75,23886,2892.63,4630.8,0.9529,1.38335
1/2/2003,459.5,24806,3105.04,4630.8,0.9641,1.40215
1/3/2003,459.2,24889,3092.94,4899.5,0.96,1.39795
1/6/2003,469.74,25173,3157.25,4916.2,0.9541,1.39485
1/7/2003,467.84,24830,3112.77,4887,0.9588,1.40075
1/8/2003,460.06,24586,2993,4882.3,0.9625,1.3871
1/9/2003,469.92,24911,3037.68,4857.9,0.9543,1.3921
1/10/2003,470.41,24836,3037.33,4854.2,0.9495,1.3805
1/13/2003,470.83,24934,3060.65,4887.8,0.9476,1.38655
1/14/2003,474.31,24990,3098.72,4965.3,0.9443,1.38575
1/15/2003,466.88,24766,3049.4,4860,0.9444,1.38475
1/16/2003,464.7,24828,3054.11,4829.2,0.9455,1.37525
1/17/2003,457.36,24001,2918.82,4753.6,0.9384,1.3693
1/20/2003,457.36,23686,2893.55,4679.7,0.9371,1.3715
1/21/2003,450.35,23305,2870.57,4650.6,0.9364,1.36335
1/22/2003,445.67,23023,2803.25,4520.2,0.9341,1.36425
1/23/2003,450.7,22905,2811.22,4528.3,0.9295,1.36315
1/24/2003,436.14,22634,2717.82,4477.4,0.9247,1.35345
1/27/2003,429.47,22241,2643.8,4314.5,0.9236,1.35365
1/28/2003,434.65,22231,2671.36,4303.5,0.9228,1.3562
1/29/2003,437.54,22444,2706.57,4332.2,0.9203,1.3575
1/30/2003,426.71,22862,2693.78,4409,0.9299,1.35575
1/31/2003,432.57,22974,2747.83,4422.5,0.9315,1.36375
2/3/2003,435.7,23178,2751.99,4471.9,0.9315,1.35995
2/4/2003,428.84,22500,2632.98,4354.3,0.9201,1.34655
2/5/2003,426.01,22899,2725.88,4385,0.9233,1.3606
2/6/2003,423.49,22603,2649,4257.3,0.9231,1.35395
2/7/2003,418.79,22598,2569.34,4222.8,0.9241,1.3541
2/10/2003,422.03,22458,2586.09,4155,0.9284,1.36875
2/11/2003,418.58,23084,2627,4254.4,0.9335,1.3671
2/12/2003,413.61,22867,2571.25,4152.2,0.9315,1.37115
2/13/2003,414.04,22804,2555.27,4159.3,0.9234,1.35405
2/14/2003,422.57,23118,2674.46,4273,0.9264,1.36205
2/17/2003,422.57,23409,2708.97,4379.4,0.9314,1.37
2/18/2003,431.48,23748,2740.14,4325.4,0.9356,1.37635
2/19/2003,428.8,23246,2624.65,4210.9,0.931,1.36775
2/20/2003,424.29,23148,2591.26,4214,0.9242,1.35685
2/21/2003,429.87,23526,2648.87,4228.7,0.925,1.36455
2/24/2003,421.47,23516,2571.35,4181.3,0.9286,1.35715
2/25/2003,424.88,22932,2485.5,4095.8,0.9301,1.3586
2/26/2003,418.72,22888,2450.2,4052,0.9266,1.35555
2/27/2003,423.5,23365,2513.22,4083.7,0.9305,1.3612
2/28/2003,425.36,23499,2547.05,4148.2,0.9278,1.3523
3/3/2003,422.18,23242,2549.65,4187.2,0.922,1.3376
3/4/2003,415.36,22925,2501.03,4046,0.9169,1.33165
3/5/2003,420.3,22700,2498.02,3966.2,0.9109,1.32975
3/6/2003,416.49,22106,2437.51,3962.6,0.9108,1.3352
3/7/2003,420.12,21769,2431.66,3880.3,0.9058,1.33615
3/10/2003,409.64,21324,2329.04,3732.1,0.9045,1.326
3/11/2003,406.74,21341,2305.3,3718.9,0.9044,1.3287
3/12/2003,408.92,20539,2202.96,3675.4,0.9072,1.33605
3/13/2003,422.99,21367,2354.31,3793.3,0.9188,1.3599
3/14/2003,424.07,22110,2403.19,4015.4,0.9291,1.36575
3/17/2003,438.64,22693,2487.12,4130.5,0.9354,1.3828
3/18/2003,440.38,22440,2584.61,4165.8,0.9405,1.38195
3/19/2003,444.84,22805,2615.22,4261.8,0.9443,1.39215
3/20/2003,445.79,22521,2604.85,4285.2,0.9418,1.387
3/21/2003,456.41,23183,2715.06,4453.3,0.9485,1.40235
3/24/2003,439.67,22475,2548.37,4230.7,0.9381,1.38385
3/25/2003,444.77,22877,2636.1,4263.6,0.9353,1.38255
3/26/2003,442.07,22893,2579.33,4247.1,0.9366,1.3808
3/27/2003,441.01,22522,2584.05,4194.5,0.9329,1.3824
3/28/2003,437.94,22650,2520.84,4207.6,0.93,1.36945
3/31/2003,429.13,21975,2423.87,4085.6,0.9164,1.35085
4/1/2003,435,22195,2450.19,4135.5,0.9173,1.35225
4/2/2003,447.46,22903,2589.35,4272.1,0.9267,1.3777
4/3/2003,445.1,23122,2569.81,4327.2,0.9314,1.3783
4/4/2003,446.69,23178,2654.07,4386.2,0.9346,1.38555
4/7/2003,447.25,23740,2808.94,4490.7,0.9409,1.38895
4/8/2003,447.15,23753,2767.79,4465,0.9373,1.3862
4/9/2003,440.53,23650,2734.1,4472.8,0.9352,1.37985
4/10/2003,442.73,23481,2697.1,4374.2,0.924,1.38835
4/11/2003,440.97,23641,2733.95,4448.1,0.9299,1.39295
4/14/2003,449.61,23742,2776.78,4493.4,0.9268,1.38995
4/15/2003,452.08,23902,2834.12,4605.3,0.9268,1.3915
4/16/2003,446.78,23699,2824.68,4556.7,0.9216,1.3717
4/17/2003,453.71,23990,2899.78,4523.7,0.9171,1.38
4/18/2003,453.71,23990,2899.78,4523.7,0.9171,1.38155
4/21/2003,453.06,23990,2899.78,4523.7,0.9211,1.38895
4/22/2003,463.08,24129,2960.96,4531.3,0.9125,1.3707
4/23/2003,467.31,24378,2974.4,4586.9,0.9138,1.3768
4/24/2003,462.95,24229,2891.62,4519.1,0.9076,1.3613
4/25/2003,456.2,23793,2838.23,4475.9,0.9076,1.36175
4/28/2003,464.78,24337,2953.92,4556.5,0.9093,1.3714
4/29/2003,465.93,24294,2908.96,4510.3,0.9074,1.3619
4/30/2003,465.53,24305,2942.04,4542.7,0.8961,1.3549
5/1/2003,465.34,24305,2942.04,4542.7,0.8879,1.3449
5/2/2003,471.87,24322,2986,4516.3,0.8912,1.3438
5/5/2003,469.29,24512,3013.04,4579.6,0.8866,1.3427
5/6/2003,472.71,24818,3066.95,4640.5,0.8816,1.32485
5/7/2003,470.31,24736,3005.64,4630.5,0.8807,1.32535
5/8/2003,465.34,24392,2886.08,4521.1,0.8732,1.3145
5/9/2003,472.25,24488,2956.59,4510.5,0.8704,1.31375
5/12/2003,477.96,24455,2937.26,4479.7,0.8661,1.3103
5/13/2003,475.41,24414,2909.95,4538.6,0.8683,1.3166
5/14/2003,473.98,24478,2926.03,4546.6,0.87,1.3193
5/15/2003,477.68,24732,2989.38,4560.6,0.8722,1.325
5/16/2003,475.72,24740,2989.08,4594.8,0.8665,1.325
